EmployeeID,Salary,BonusPercentage,OvertimeHours,LastPromotionDate,PerformanceRating,BenefitCost,StockOptionsGranted
1,90000,0.1,10,1/15/2023,4,8000,100
2,65000,0.05,5,8/1/2022,3,6000,50
3,120000,0.15,0,3/20/2024,5,10000,200
4,75000,0.07,8,11/10/2023,4,6500,75
5,110000,0.12,2,1/1/2024,4,9500,150
6,55000,0.03,15,6/1/2022,3,5500,30
7,70000,0.06,12,5/20/2023,4,7000,60
8,80000,0.08,7,2/14/2024,4,7500,80
9,100000,0.1,3,9/1/2023,5,8500,120
10,68000,0.05,9,3/1/2022,3,6200,45
11,60000,0.04,11,7/1/2023,3,5800,40
12,72000,0.07,6,4/5/2024,4,6800,70
13,88000,0.09,4,2/28/2023,4,8200,90
14,62000,0.05,10,10/15/2022,3,5900,55
15,130000,0.18,0,1/1/2024,5,11000,250
16,78000,0.07,6,6/1/2023,4,7100,85
17,95000,0.11,3,3/1/2024,4,8700,110
18,58000,0.04,13,9/10/2022,3,5600,35
19,85000,0.09,5,4/1/2023,4,7800,95
20,67000,0.06,8,1/20/2024,3,6300,58
21,115000,0.14,1,7/1/2023,5,9800,180
22,73000,0.06,9,4/15/2022,3,6900,65
23,61000,0.04,14,8/1/2023,3,5700,42
24,69000,0.06,7,2/1/2024,4,6400,62
25,92000,0.1,2,3/1/2023,4,8300,105
26,63000,0.05,11,11/20/2022,3,6050,48
27,105000,0.12,0,4/10/2024,5,9000,140
28,70000,0.06,10,1/1/2023,4,6600,70
29,125000,0.16,1,1/1/2024,5,10500,220
30,66000,0.05,9,7/1/2022,3,6100,52
31,87000,0.09,6,6/15/2023,4,8100,92
32,71000,0.06,8,3/1/2024,4,6700,68
33,98000,0.11,3,10/1/2023,5,8900,115
34,64000,0.05,12,5/1/2022,3,6000,47
35,112000,0.13,2,2/20/2024,4,9600,160
36,59000,0.04,14,8/1/2022,3,5650,38
37,74000,0.07,9,5/1/2023,4,7000,72
38,65500,0.05,10,1/1/2024,3,6150,51
39,103000,0.12,1,9/15/2023,5,8800,130
40,70000,0.06,7,4/1/2022,4,6600,67
41,96000,0.11,4,3/1/2024,4,8600,108
42,62000,0.05,11,10/1/2022,3,5950,44
43,89000,0.09,5,4/10/2023,4,8200,98
44,68000,0.06,8,1/1/2024,3,6350,59
45,118000,0.15,0,8/1/2023,5,10000,190
46,75000,0.07,9,3/20/2022,4,7050,78
47,128000,0.17,1,2/10/2024,5,10800,230
48,60000,0.04,13,9/1/2022,3,5750,39
49,86000,0.09,6,3/1/2023,4,7900,93
50,69000,0.06,10,1/1/2024,3,6450,60
51,107000,0.13,2,7/1/2023,5,9100,145
52,72000,0.06,8,5/15/2022,4,6800,71
53,63000,0.04,12,11/1/2023,3,5900,46
54,70000,0.06,7,4/1/2024,4,6500,66
55,91000,0.1,3,2/14/2023,4,8400,102
56,64000,0.05,11,8/20/2022,3,6000,49
57,100000,0.12,0,1/1/2024,5,8900,125
58,70000,0.06,9,6/1/2023,4,6600,69
59,120000,0.15,1,3/1/2024,5,10200,200
60,61000,0.04,14,9/15/2022,3,5800,41
61,88000,0.09,5,3/1/2023,4,8100,96
62,67000,0.06,10,1/1/2024,3,6300,57
63,115000,0.14,1,7/1/2023,5,9700,170
64,73000,0.06,9,4/15/2022,4,6900,64
65,125000,0.16,0,2/1/2024,5,10600,210
66,58000,0.04,13,9/1/2022,3,5600,37
67,85000,0.09,6,4/1/2023,4,7800,94
68,66000,0.05,11,1/1/2024,3,6200,53
69,103000,0.12,2,8/1/2023,5,8800,135
70,69000,0.06,8,3/20/2022,4,6500,63
71,97000,0.11,4,3/10/2024,4,8700,109
72,60000,0.04,12,10/1/2022,3,5700,43
73,90000,0.1,10,1/15/2023,4,8000,100
74,65000,0.05,5,8/1/2022,3,6000,50
75,120000,0.15,0,3/20/2024,5,10000,200
76,75000,0.07,8,11/10/2023,4,6500,75
77,110000,0.12,2,1/1/2024,4,9500,150
78,55000,0.03,15,6/1/2022,3,5500,30
79,70000,0.06,12,5/20/2023,4,7000,60
80,80000,0.08,7,2/14/2024,4,7500,80
81,100000,0.1,3,9/1/2023,5,8500,120
82,68000,0.05,9,3/1/2022,3,6200,45
83,60000,0.04,11,7/1/2023,3,5800,40
84,72000,0.07,6,4/5/2024,4,6800,70
85,88000,0.09,4,2/28/2023,4,8200,90
86,62000,0.05,10,10/15/2022,3,5900,55
87,130000,0.18,0,1/1/2024,5,11000,250
88,78000,0.07,6,6/1/2023,4,7100,85
89,95000,0.11,3,3/1/2024,4,8700,110
90,58000,0.04,13,9/10/2022,3,5600,35
91,85000,0.09,5,4/1/2023,4,7800,95
92,67000,0.06,8,1/20/2024,3,6300,58
93,115000,0.14,1,7/1/2023,5,9800,180
94,73000,0.06,9,4/15/2022,3,6900,65
95,61000,0.04,14,8/1/2023,3,5700,42
96,69000,0.06,7,2/1/2024,4,6400,62
97,92000,0.1,2,3/1/2023,4,8300,105
98,63000,0.05,11,11/20/2022,3,6050,48
99,105000,0.12,0,4/10/2024,5,9000,140
100,70000,0.06,10,1/1/2023,4,6600,70
101,125000,0.16,1,1/1/2024,5,10500,220
102,66000,0.05,9,7/1/2022,3,6100,52
103,87000,0.09,6,6/15/2023,4,8100,92
104,71000,0.06,8,3/1/2024,4,6700,68
105,98000,0.11,3,10/1/2023,5,8900,115
106,64000,0.05,12,5/1/2022,3,6000,47
107,112000,0.13,2,2/20/2024,4,9600,160
108,59000,0.04,14,8/1/2022,3,5650,38
109,74000,0.07,9,5/1/2023,4,7000,72
110,65500,0.05,10,1/1/2024,3,6150,51
111,103000,0.12,1,9/15/2023,5,8800,130
112,70000,0.06,7,4/1/2022,4,6600,67
113,96000,0.11,4,3/1/2024,4,8600,108
114,62000,0.05,11,10/1/2022,3,5950,44
115,89000,0.09,5,4/10/2023,4,8200,98
116,68000,0.06,8,1/1/2024,3,6350,59
117,118000,0.15,0,8/1/2023,5,10000,190
118,75000,0.07,9,3/20/2022,4,7050,78
119,128000,0.17,1,2/10/2024,5,10800,230
120,60000,0.04,13,9/1/2022,3,5750,39
121,86000,0.09,6,3/1/2023,4,7900,93
122,69000,0.06,10,1/1/2024,3,6450,60
123,107000,0.13,2,7/1/2023,5,9100,145
124,72000,0.06,8,5/15/2022,4,6800,71
125,63000,0.04,12,11/1/2023,3,5900,46
126,70000,0.06,7,4/1/2024,4,6500,66
127,91000,0.1,3,2/14/2023,4,8400,102
128,64000,0.05,11,8/20/2022,3,6000,49
129,100000,0.12,0,1/1/2024,5,8900,125
130,70000,0.06,9,6/1/2023,4,6600,69
131,120000,0.15,1,3/1/2024,5,10200,200
132,61000,0.04,14,9/15/2022,3,5800,41
133,88000,0.09,5,3/1/2023,4,8100,96
134,67000,0.06,10,1/1/2024,3,6300,57
135,115000,0.14,1,7/1/2023,5,9700,170
136,73000,0.06,9,4/15/2022,4,6900,64
137,125000,0.16,0,2/1/2024,5,10600,210
138,58000,0.04,13,9/1/2022,3,5600,37
139,85000,0.09,6,4/1/2023,4,7800,94
140,66000,0.05,11,1/1/2024,3,6200,53
141,103000,0.12,2,8/1/2023,5,8800,135
142,69000,0.06,8,3/20/2022,4,6500,63
143,97000,0.11,4,3/10/2024,4,8700,109
144,60000,0.04,12,10/1/2022,3,5700,43
145,90000,0.1,10,1/15/2023,4,8000,100
146,65000,0.05,5,8/1/2022,3,6000,50
147,120000,0.15,0,3/20/2024,5,10000,200
148,75000,0.07,8,11/10/2023,4,6500,75
149,110000,0.12,2,1/1/2024,4,9500,150
150,55000,0.03,15,6/1/2022,3,5500,30
151,70000,0.06,12,5/20/2023,4,7000,60
152,80000,0.08,7,2/14/2024,4,7500,80
153,100000,0.1,3,9/1/2023,5,8500,120
154,68000,0.05,9,3/1/2022,3,6200,45
155,60000,0.04,11,7/1/2023,3,5800,40
156,72000,0.07,6,4/5/2024,4,6800,70
157,88000,0.09,4,2/28/2023,4,8200,90
158,62000,0.05,10,10/15/2022,3,5900,55
159,130000,0.18,0,1/1/2024,5,11000,250
160,78000,0.07,6,6/1/2023,4,7100,85
161,95000,0.11,3,3/1/2024,4,8700,110
162,58000,0.04,13,9/10/2022,3,5600,35
163,85000,0.09,5,4/1/2023,4,7800,95
164,67000,0.06,8,1/20/2024,3,6300,58
165,115000,0.14,1,7/1/2023,5,9800,180
166,73000,0.06,9,4/15/2022,3,6900,65
167,61000,0.04,14,8/1/2023,3,5700,42
168,69000,0.06,7,2/1/2024,4,6400,62
169,92000,0.1,2,3/1/2023,4,8300,105
170,63000,0.05,11,11/20/2022,3,6050,48
171,105000,0.12,0,4/10/2024,5,9000,140
172,70000,0.06,10,1/1/2023,4,6600,70
173,125000,0.16,1,1/1/2024,5,10500,220
174,66000,0.05,9,7/1/2022,3,6100,52
175,87000,0.09,6,6/15/2023,4,8100,92
176,71000,0.06,8,3/1/2024,4,6700,68
177,98000,0.11,3,10/1/2023,5,8900,115
178,64000,0.05,12,5/1/2022,3,6000,47
179,112000,0.13,2,2/20/2024,4,9600,160
180,59000,0.04,14,8/1/2022,3,5650,38
181,74000,0.07,9,5/1/2023,4,7000,72
182,65500,0.05,10,1/1/2024,3,6150,51
183,103000,0.12,1,9/15/2023,5,8800,130
184,70000,0.06,7,4/1/2022,4,6600,67
185,96000,0.11,4,3/1/2024,4,8600,108
186,62000,0.05,11,10/1/2022,3,5950,44
187,89000,0.09,5,4/10/2023,4,8200,98
188,68000,0.06,8,1/1/2024,3,6350,59
189,118000,0.15,0,8/1/2023,5,10000,190
190,75000,0.07,9,3/20/2022,4,7050,78
191,128000,0.17,1,2/10/2024,5,10800,230
192,60000,0.04,13,9/1/2022,3,5750,39
193,86000,0.09,6,3/1/2023,4,7900,93
194,69000,0.06,10,1/1/2024,3,6450,60
195,107000,0.13,2,7/1/2023,5,9100,145
196,72000,0.06,8,5/15/2022,4,6800,71
197,63000,0.04,12,11/1/2023,3,5900,46
198,70000,0.06,7,4/1/2024,4,6500,66
199,91000,0.1,3,2/14/2023,4,8400,102
200,64000,0.05,11,8/20/2022,3,6000,49
201,100000,0.12,0,1/1/2024,5,8900,125
202,70000,0.06,9,6/1/2023,4,6600,69
203,120000,0.15,1,3/1/2024,5,10200,200
204,61000,0.04,14,9/15/2022,3,5800,41
205,88000,0.09,5,3/1/2023,4,8100,96
206,67000,0.06,10,1/1/2024,3,6300,57
207,115000,0.14,1,7/1/2023,5,9700,170
208,73000,0.06,9,4/15/2022,4,6900,64
209,125000,0.16,0,2/1/2024,5,10600,210
210,58000,0.04,13,9/1/2022,3,5600,37
211,85000,0.09,6,4/1/2023,4,7800,94
212,66000,0.05,11,1/1/2024,3,6200,53
213,103000,0.12,2,8/1/2023,5,8800,135
214,69000,0.06,8,3/20/2022,4,6500,63
215,97000,0.11,4,3/10/2024,4,8700,109
216,60000,0.04,12,10/1/2022,3,5700,43
217,90000,0.1,10,1/15/2023,4,8000,100
218,65000,0.05,5,8/1/2022,3,6000,50
219,120000,0.15,0,3/20/2024,5,10000,200
220,75000,0.07,8,11/10/2023,4,6500,75
221,110000,0.12,2,1/1/2024,4,9500,150
222,55000,0.03,15,6/1/2022,3,5500,30
223,70000,0.06,12,5/20/2023,4,7000,60
224,80000,0.08,7,2/14/2024,4,7500,80
225,100000,0.1,3,9/1/2023,5,8500,120
226,68000,0.05,9,3/1/2022,3,6200,45
227,60000,0.04,11,7/1/2023,3,5800,40
228,72000,0.07,6,4/5/2024,4,6800,70
229,88000,0.09,4,2/28/2023,4,8200,90
230,62000,0.05,10,10/15/2022,3,5900,55
231,130000,0.18,0,1/1/2024,5,11000,250
232,78000,0.07,6,6/1/2023,4,7100,85
233,95000,0.11,3,3/1/2024,4,8700,110
234,58000,0.04,13,9/10/2022,3,5600,35
235,85000,0.09,5,4/1/2023,4,7800,95
236,67000,0.06,8,1/20/2024,3,6300,58
237,115000,0.14,1,7/1/2023,5,9800,180
238,73000,0.06,9,4/15/2022,3,6900,65
239,61000,0.04,14,8/1/2023,3,5700,42
240,69000,0.06,7,2/1/2024,4,6400,62
241,92000,0.1,2,3/1/2023,4,8300,105
242,63000,0.05,11,11/20/2022,3,6050,48
243,105000,0.12,0,4/10/2024,5,9000,140
244,70000,0.06,10,1/1/2023,4,6600,70
245,125000,0.16,1,1/1/2024,5,10500,220
246,66000,0.05,9,7/1/2022,3,6100,52
247,87000,0.09,6,6/15/2023,4,8100,92
248,71000,0.06,8,3/1/2024,4,6700,68
249,98000,0.11,3,10/1/2023,5,8900,115
250,64000,0.05,12,5/1/2022,3,6000,47
251,112000,0.13,2,2/20/2024,4,9600,160
252,59000,0.04,14,8/1/2022,3,5650,38
253,74000,0.07,9,5/1/2023,4,7000,72
254,65500,0.05,10,1/1/2024,3,6150,51
255,103000,0.12,1,9/15/2023,5,8800,130
256,70000,0.06,7,4/1/2022,4,6600,67
257,96000,0.11,4,3/1/2024,4,8600,108
258,62000,0.05,11,10/1/2022,3,5950,44
259,89000,0.09,5,4/10/2023,4,8200,98
260,68000,0.06,8,1/1/2024,3,6350,59
261,118000,0.15,0,8/1/2023,5,10000,190
262,75000,0.07,9,3/20/2022,4,7050,78
263,128000,0.17,1,2/10/2024,5,10800,230
264,60000,0.04,13,9/1/2022,3,5750,39
265,86000,0.09,6,3/1/2023,4,7900,93
266,69000,0.06,10,1/1/2024,3,6450,60
267,107000,0.13,2,7/1/2023,5,9100,145
268,72000,0.06,8,5/15/2022,4,6800,71
269,63000,0.04,12,11/1/2023,3,5900,46
270,70000,0.06,7,4/1/2024,4,6500,66
271,91000,0.1,3,2/14/2023,4,8400,102
272,64000,0.05,11,8/20/2022,3,6000,49
273,100000,0.12,0,1/1/2024,5,8900,125
274,70000,0.06,9,6/1/2023,4,6600,69
275,120000,0.15,1,3/1/2024,5,10200,200
276,61000,0.04,14,9/15/2022,3,5800,41
277,88000,0.09,5,3/1/2023,4,8100,96
278,67000,0.06,10,1/1/2024,3,6300,57
279,115000,0.14,1,7/1/2023,5,9700,170
280,73000,0.06,9,4/15/2022,4,6900,64
281,125000,0.16,0,2/1/2024,5,10600,210
282,58000,0.04,13,9/1/2022,3,5600,37
283,85000,0.09,6,4/1/2023,4,7800,94
284,66000,0.05,11,1/1/2024,3,6200,53
285,103000,0.12,2,8/1/2023,5,8800,135
286,69000,0.06,8,3/20/2022,4,6500,63
287,97000,0.11,4,3/10/2024,4,8700,109
288,60000,0.04,12,10/1/2022,3,5700,43
289,90000,0.1,10,1/15/2023,4,8000,100
290,65000,0.05,5,8/1/2022,3,6000,50
291,120000,0.15,0,3/20/2024,5,10000,200
292,75000,0.07,8,11/10/2023,4,6500,75
293,110000,0.12,2,1/1/2024,4,9500,150
294,55000,0.03,15,6/1/2022,3,5500,30
295,70000,0.06,12,5/20/2023,4,7000,60
296,80000,0.08,7,2/14/2024,4,7500,80
297,100000,0.1,3,9/1/2023,5,8500,120
298,68000,0.05,9,3/1/2022,3,6200,45
299,60000,0.04,11,7/1/2023,3,5800,40
300,72000,0.07,6,4/5/2024,4,6800,70
301,90000,0.1,10,1/15/2023,4,8000,100
302,65000,0.05,5,8/1/2022,3,6000,50
303,120000,0.15,0,3/20/2024,5,10000,200
304,75000,0.07,8,11/10/2023,4,6500,75
305,110000,0.12,2,1/1/2024,4,9500,150
306,55000,0.03,15,6/1/2022,3,5500,30
307,70000,0.06,12,5/20/2023,4,7000,60
308,80000,0.08,7,2/14/2024,4,7500,80
309,100000,0.1,3,9/1/2023,5,8500,120
310,68000,0.05,9,3/1/2022,3,6200,45
311,60000,0.04,11,7/1/2023,3,5800,40
312,72000,0.07,6,4/5/2024,4,6800,70
313,88000,0.09,4,2/28/2023,4,8200,90
314,62000,0.05,10,10/15/2022,3,5900,55
315,130000,0.18,0,1/1/2024,5,11000,250
316,78000,0.07,6,6/1/2023,4,7100,85
317,95000,0.11,3,3/1/2024,4,8700,110
318,58000,0.04,13,9/10/2022,3,5600,35
319,85000,0.09,5,4/1/2023,4,7800,95
320,67000,0.06,8,1/20/2024,3,6300,58
321,115000,0.14,1,7/1/2023,5,9800,180
322,73000,0.06,9,4/15/2022,3,6900,65
323,61000,0.04,14,8/1/2023,3,5700,42
324,69000,0.06,7,2/1/2024,4,6400,62
325,92000,0.1,2,3/1/2023,4,8300,105
326,63000,0.05,11,11/20/2022,3,6050,48
327,105000,0.12,0,4/10/2024,5,9000,140
328,70000,0.06,10,1/1/2023,4,6600,70
329,125000,0.16,1,1/1/2024,5,10500,220
330,66000,0.05,9,7/1/2022,3,6100,52
331,87000,0.09,6,6/15/2023,4,8100,92
332,71000,0.06,8,3/1/2024,4,6700,68
333,98000,0.11,3,10/1/2023,5,8900,115
334,64000,0.05,12,5/1/2022,3,6000,47
335,112000,0.13,2,2/20/2024,4,9600,160
336,59000,0.04,14,8/1/2022,3,5650,38
337,74000,0.07,9,5/1/2023,4,7000,72
338,65500,0.05,10,1/1/2024,3,6150,51
339,103000,0.12,1,9/15/2023,5,8800,130
340,70000,0.06,7,4/1/2022,4,6600,67
341,96000,0.11,4,3/1/2024,4,8600,108
342,62000,0.05,11,10/1/2022,3,5950,44
343,89000,0.09,5,4/10/2023,4,8200,98
344,68000,0.06,8,1/1/2024,3,6350,59
345,118000,0.15,0,8/1/2023,5,10000,190
346,75000,0.07,9,3/20/2022,4,7050,78
347,128000,0.17,1,2/10/2024,5,10800,230
348,60000,0.04,13,9/1/2022,3,5750,39
349,86000,0.09,6,3/1/2023,4,7900,93
350,69000,0.06,10,1/1/2024,3,6450,60
351,107000,0.13,2,7/1/2023,5,9100,145
352,72000,0.06,8,5/15/2022,4,6800,71
353,63000,0.04,12,11/1/2023,3,5900,46
354,70000,0.06,7,4/1/2024,4,6500,66
355,91000,0.1,3,2/14/2023,4,8400,102
356,64000,0.05,11,8/20/2022,3,6000,49
357,100000,0.12,0,1/1/2024,5,8900,125
358,70000,0.06,9,6/1/2023,4,6600,69
359,120000,0.15,1,3/1/2024,5,10200,200
360,61000,0.04,14,9/15/2022,3,5800,41
361,88000,0.09,5,3/1/2023,4,8100,96
362,67000,0.06,10,1/1/2024,3,6300,57
363,115000,0.14,1,7/1/2023,5,9700,170
364,73000,0.06,9,4/15/2022,4,6900,64
365,125000,0.16,0,2/1/2024,5,10600,210
366,58000,0.04,13,9/1/2022,3,5600,37
367,85000,0.09,6,4/1/2023,4,7800,94
368,66000,0.05,11,1/1/2024,3,6200,53
369,103000,0.12,2,8/1/2023,5,8800,135
370,69000,0.06,8,3/20/2022,4,6500,63
371,97000,0.11,4,3/10/2024,4,8700,109
372,60000,0.04,12,10/1/2022,3,5700,43
373,90000,0.1,10,1/15/2023,4,8000,100
374,65000,0.05,5,8/1/2022,3,6000,50
375,120000,0.15,0,3/20/2024,5,10000,200
376,75000,0.07,8,11/10/2023,4,6500,75
377,110000,0.12,2,1/1/2024,4,9500,150
378,55000,0.03,15,6/1/2022,3,5500,30
379,70000,0.06,12,5/20/2023,4,7000,60
380,80000,0.08,7,2/14/2024,4,7500,80
381,100000,0.1,3,9/1/2023,5,8500,120
382,68000,0.05,9,3/1/2022,3,6200,45
383,60000,0.04,11,7/1/2023,3,5800,40
384,72000,0.07,6,4/5/2024,4,6800,70
385,88000,0.09,4,2/28/2023,4,8200,90
386,62000,0.05,10,10/15/2022,3,5900,55
387,130000,0.18,0,1/1/2024,5,11000,250
388,78000,0.07,6,6/1/2023,4,7100,85
389,95000,0.11,3,3/1/2024,4,8700,110
390,58000,0.04,13,9/10/2022,3,5600,35
391,85000,0.09,5,4/1/2023,4,7800,95
392,67000,0.06,8,1/20/2024,3,6300,58
393,115000,0.14,1,7/1/2023,5,9800,180
394,73000,0.06,9,4/15/2022,3,6900,65
395,61000,0.04,14,8/1/2023,3,5700,42
396,69000,0.06,7,2/1/2024,4,6400,62
397,92000,0.1,2,3/1/2023,4,8300,105
398,63000,0.05,11,11/20/2022,3,6050,48
399,105000,0.12,0,4/10/2024,5,9000,140
400,70000,0.06,10,1/1/2023,4,6600,70
401,125000,0.16,1,1/1/2024,5,10500,220
402,66000,0.05,9,7/1/2022,3,6100,52
403,87000,0.09,6,6/15/2023,4,8100,92
404,71000,0.06,8,3/1/2024,4,6700,68
405,98000,0.11,3,10/1/2023,5,8900,115
406,64000,0.05,12,5/1/2022,3,6000,47
407,112000,0.13,2,2/20/2024,4,9600,160
408,59000,0.04,14,8/1/2022,3,5650,38
409,74000,0.07,9,5/1/2023,4,7000,72
410,65500,0.05,10,1/1/2024,3,6150,51
411,103000,0.12,1,9/15/2023,5,8800,130
412,70000,0.06,7,4/1/2022,4,6600,67
413,96000,0.11,4,3/1/2024,4,8600,108
414,62000,0.05,11,10/1/2022,3,5950,44
415,89000,0.09,5,4/10/2023,4,8200,98
416,68000,0.06,8,1/1/2024,3,6350,59
417,118000,0.15,0,8/1/2023,5,10000,190
418,75000,0.07,9,3/20/2022,4,7050,78
419,128000,0.17,1,2/10/2024,5,10800,230
420,60000,0.04,13,9/1/2022,3,5750,39
421,86000,0.09,6,3/1/2023,4,7900,93
422,69000,0.06,10,1/1/2024,3,6450,60
423,107000,0.13,2,7/1/2023,5,9100,145
424,72000,0.06,8,5/15/2022,4,6800,71
425,63000,0.04,12,11/1/2023,3,5900,46
426,70000,0.06,7,4/1/2024,4,6500,66
427,91000,0.1,3,2/14/2023,4,8400,102
428,64000,0.05,11,8/20/2022,3,6000,49
429,100000,0.12,0,1/1/2024,5,8900,125
430,70000,0.06,9,6/1/2023,4,6600,69
431,120000,0.15,1,3/1/2024,5,10200,200
432,61000,0.04,14,9/15/2022,3,5800,41
433,88000,0.09,5,3/1/2023,4,8100,96
434,67000,0.06,10,1/1/2024,3,6300,57
435,115000,0.14,1,7/1/2023,5,9700,170
436,73000,0.06,9,4/15/2022,4,6900,64
437,125000,0.16,0,2/1/2024,5,10600,210
438,58000,0.04,13,9/1/2022,3,5600,37
439,85000,0.09,6,4/1/2023,4,7800,94
440,66000,0.05,11,1/1/2024,3,6200,53
441,103000,0.12,2,8/1/2023,5,8800,135
442,69000,0.06,8,3/20/2022,4,6500,63
443,97000,0.11,4,3/10/2024,4,8700,109
444,60000,0.04,12,10/1/2022,3,5700,43
445,90000,0.1,10,1/15/2023,4,8000,100
446,65000,0.05,5,8/1/2022,3,6000,50
447,120000,0.15,0,3/20/2024,5,10000,200
448,75000,0.07,8,11/10/2023,4,6500,75
449,110000,0.12,2,1/1/2024,4,9500,150
450,55000,0.03,15,6/1/2022,3,5500,30
451,70000,0.06,12,5/20/2023,4,7000,60
452,80000,0.08,7,2/14/2024,4,7500,80
453,100000,0.1,3,9/1/2023,5,8500,120
454,68000,0.05,9,3/1/2022,3,6200,45
455,60000,0.04,11,7/1/2023,3,5800,40
456,72000,0.07,6,4/5/2024,4,6800,70
457,88000,0.09,4,2/28/2023,4,8200,90
458,62000,0.05,10,10/15/2022,3,5900,55
459,130000,0.18,0,1/1/2024,5,11000,250
460,78000,0.07,6,6/1/2023,4,7100,85
461,95000,0.11,3,3/1/2024,4,8700,110
462,58000,0.04,13,9/10/2022,3,5600,35
463,85000,0.09,5,4/1/2023,4,7800,95
464,67000,0.06,8,1/20/2024,3,6300,58
465,115000,0.14,1,7/1/2023,5,9800,180
466,73000,0.06,9,4/15/2022,3,6900,65
467,61000,0.04,14,8/1/2023,3,5700,42
468,69000,0.06,7,2/1/2024,4,6400,62
469,92000,0.1,2,3/1/2023,4,8300,105
470,63000,0.05,11,11/20/2022,3,6050,48
471,105000,0.12,0,4/10/2024,5,9000,140
472,70000,0.06,10,1/1/2023,4,6600,70
473,125000,0.16,1,1/1/2024,5,10500,220
474,66000,0.05,9,7/1/2022,3,6100,52
475,87000,0.09,6,6/15/2023,4,8100,92
476,71000,0.06,8,3/1/2024,4,6700,68
477,98000,0.11,3,10/1/2023,5,8900,115
478,64000,0.05,12,5/1/2022,3,6000,47
479,112000,0.13,2,2/20/2024,4,9600,160
480,59000,0.04,14,8/1/2022,3,5650,38
481,74000,0.07,9,5/1/2023,4,7000,72
482,65500,0.05,10,1/1/2024,3,6150,51
483,103000,0.12,1,9/15/2023,5,8800,130
484,70000,0.06,7,4/1/2022,4,6600,67
485,96000,0.11,4,3/1/2024,4,8600,108
486,62000,0.05,11,10/1/2022,3,5950,44
487,89000,0.09,5,4/10/2023,4,8200,98
488,68000,0.06,8,1/1/2024,3,6350,59
489,118000,0.15,0,8/1/2023,5,10000,190
490,75000,0.07,9,3/20/2022,4,7050,78
491,128000,0.17,1,2/10/2024,5,10800,230
492,60000,0.04,13,9/1/2022,3,5750,39
493,86000,0.09,6,3/1/2023,4,7900,93
494,69000,0.06,10,1/1/2024,3,6450,60
495,107000,0.13,2,7/1/2023,5,9100,145
496,72000,0.06,8,5/15/2022,4,6800,71
497,63000,0.04,12,11/1/2023,3,5900,46
498,70000,0.06,7,4/1/2024,4,6500,66
499,91000,0.1,3,2/14/2023,4,8400,102
500,64000,0.05,11,8/20/2022,3,6000,49
501,100000,0.12,0,1/1/2024,5,8900,125
502,70000,0.06,9,6/1/2023,4,6600,69
503,120000,0.15,1,3/1/2024,5,10200,200
504,61000,0.04,14,9/15/2022,3,5800,41
505,88000,0.09,5,3/1/2023,4,8100,96
506,67000,0.06,10,1/1/2024,3,6300,57
507,115000,0.14,1,7/1/2023,5,9700,170
508,73000,0.06,9,4/15/2022,4,6900,64
509,125000,0.16,0,2/1/2024,5,10600,210
510,58000,0.04,13,9/1/2022,3,5600,37
511,85000,0.09,6,4/1/2023,4,7800,94
512,66000,0.05,11,1/1/2024,3,6200,53
513,103000,0.12,2,8/1/2023,5,8800,135
514,69000,0.06,8,3/20/2022,4,6500,63
515,97000,0.11,4,3/10/2024,4,8700,109
516,60000,0.04,12,10/1/2022,3,5700,43
517,90000,0.1,10,1/15/2023,4,8000,100
518,65000,0.05,5,8/1/2022,3,6000,50
519,120000,0.15,0,3/20/2024,5,10000,200
520,75000,0.07,8,11/10/2023,4,6500,75
521,110000,0.12,2,1/1/2024,4,9500,150
522,55000,0.03,15,6/1/2022,3,5500,30
523,70000,0.06,12,5/20/2023,4,7000,60
524,80000,0.08,7,2/14/2024,4,7500,80
525,100000,0.1,3,9/1/2023,5,8500,120
526,68000,0.05,9,3/1/2022,3,6200,45
527,60000,0.04,11,7/1/2023,3,5800,40
528,72000,0.07,6,4/5/2024,4,6800,70
529,88000,0.09,4,2/28/2023,4,8200,90
530,62000,0.05,10,10/15/2022,3,5900,55
531,130000,0.18,0,1/1/2024,5,11000,250
532,78000,0.07,6,6/1/2023,4,7100,85
533,95000,0.11,3,3/1/2024,4,8700,110
534,58000,0.04,13,9/10/2022,3,5600,35
535,85000,0.09,5,4/1/2023,4,7800,95
536,67000,0.06,8,1/20/2024,3,6300,58
537,115000,0.14,1,7/1/2023,5,9800,180
538,73000,0.06,9,4/15/2022,3,6900,65
539,61000,0.04,14,8/1/2023,3,5700,42
540,69000,0.06,7,2/1/2024,4,6400,62
541,92000,0.1,2,3/1/2023,4,8300,105
542,63000,0.05,11,11/20/2022,3,6050,48
543,105000,0.12,0,4/10/2024,5,9000,140
544,70000,0.06,10,1/1/2023,4,6600,70
545,125000,0.16,1,1/1/2024,5,10500,220
546,66000,0.05,9,7/1/2022,3,6100,52
547,87000,0.09,6,6/15/2023,4,8100,92
548,71000,0.06,8,3/1/2024,4,6700,68
549,98000,0.11,3,10/1/2023,5,8900,115
550,64000,0.05,12,5/1/2022,3,6000,47
551,112000,0.13,2,2/20/2024,4,9600,160
552,59000,0.04,14,8/1/2022,3,5650,38
553,74000,0.07,9,5/1/2023,4,7000,72
554,65500,0.05,10,1/1/2024,3,6150,51
555,103000,0.12,1,9/15/2023,5,8800,130
556,70000,0.06,7,4/1/2022,4,6600,67
557,96000,0.11,4,3/1/2024,4,8600,108
558,62000,0.05,11,10/1/2022,3,5950,44
559,89000,0.09,5,4/10/2023,4,8200,98
560,68000,0.06,8,1/1/2024,3,6350,59
561,118000,0.15,0,8/1/2023,5,10000,190
562,75000,0.07,9,3/20/2022,4,7050,78
563,128000,0.17,1,2/10/2024,5,10800,230
564,60000,0.04,13,9/1/2022,3,5750,39
565,86000,0.09,6,3/1/2023,4,7900,93
566,69000,0.06,10,1/1/2024,3,6450,60
567,107000,0.13,2,7/1/2023,5,9100,145
568,72000,0.06,8,5/15/2022,4,6800,71
569,63000,0.04,12,11/1/2023,3,5900,46
570,70000,0.06,7,4/1/2024,4,6500,66
571,91000,0.1,3,2/14/2023,4,8400,102
572,64000,0.05,11,8/20/2022,3,6000,49
573,100000,0.12,0,1/1/2024,5,8900,125
574,70000,0.06,9,6/1/2023,4,6600,69
575,120000,0.15,1,3/1/2024,5,10200,200
576,61000,0.04,14,9/15/2022,3,5800,41
577,88000,0.09,5,3/1/2023,4,8100,96
578,67000,0.06,10,1/1/2024,3,6300,57
579,115000,0.14,1,7/1/2023,5,9700,170
580,73000,0.06,9,4/15/2022,4,6900,64
581,125000,0.16,0,2/1/2024,5,10600,210
582,58000,0.04,13,9/1/2022,3,5600,37
583,85000,0.09,6,4/1/2023,4,7800,94
584,66000,0.05,11,1/1/2024,3,6200,53
585,103000,0.12,2,8/1/2023,5,8800,135
586,69000,0.06,8,3/20/2022,4,6500,63
587,97000,0.11,4,3/10/2024,4,8700,109
588,60000,0.04,12,10/1/2022,3,5700,43
589,90000,0.1,10,1/15/2023,4,8000,100
590,65000,0.05,5,8/1/2022,3,6000,50
591,120000,0.15,0,3/20/2024,5,10000,200
592,75000,0.07,8,11/10/2023,4,6500,75
593,110000,0.12,2,1/1/2024,4,9500,150
594,55000,0.03,15,6/1/2022,3,5500,30
595,70000,0.06,12,5/20/2023,4,7000,60
596,80000,0.08,7,2/14/2024,4,7500,80
597,100000,0.1,3,9/1/2023,5,8500,120
598,68000,0.05,9,3/1/2022,3,6200,45
599,60000,0.04,11,7/1/2023,3,5800,40
600,72000,0.07,6,4/5/2024,4,6800,70
601,90000,0.1,10,1/15/2023,4,8000,100
602,65000,0.05,5,8/1/2022,3,6000,50
603,120000,0.15,0,3/20/2024,5,10000,200
604,75000,0.07,8,11/10/2023,4,6500,75
605,110000,0.12,2,1/1/2024,4,9500,150
606,55000,0.03,15,6/1/2022,3,5500,30
607,70000,0.06,12,5/20/2023,4,7000,60
608,80000,0.08,7,2/14/2024,4,7500,80
609,100000,0.1,3,9/1/2023,5,8500,120
610,68000,0.05,9,3/1/2022,3,6200,45
611,60000,0.04,11,7/1/2023,3,5800,40
612,72000,0.07,6,4/5/2024,4,6800,70
613,88000,0.09,4,2/28/2023,4,8200,90
614,62000,0.05,10,10/15/2022,3,5900,55
615,130000,0.18,0,1/1/2024,5,11000,250
616,78000,0.07,6,6/1/2023,4,7100,85
617,95000,0.11,3,3/1/2024,4,8700,110
618,58000,0.04,13,9/10/2022,3,5600,35
619,85000,0.09,5,4/1/2023,4,7800,95
620,67000,0.06,8,1/20/2024,3,6300,58
621,115000,0.14,1,7/1/2023,5,9800,180
622,73000,0.06,9,4/15/2022,3,6900,65
623,61000,0.04,14,8/1/2023,3,5700,42
624,69000,0.06,7,2/1/2024,4,6400,62
625,92000,0.1,2,3/1/2023,4,8300,105
626,63000,0.05,11,11/20/2022,3,6050,48
627,105000,0.12,0,4/10/2024,5,9000,140
628,70000,0.06,10,1/1/2023,4,6600,70
629,125000,0.16,1,1/1/2024,5,10500,220
630,66000,0.05,9,7/1/2022,3,6100,52
631,87000,0.09,6,6/15/2023,4,8100,92
632,71000,0.06,8,3/1/2024,4,6700,68
633,98000,0.11,3,10/1/2023,5,8900,115
634,64000,0.05,12,5/1/2022,3,6000,47
635,112000,0.13,2,2/20/2024,4,9600,160
636,59000,0.04,14,8/1/2022,3,5650,38
637,74000,0.07,9,5/1/2023,4,7000,72
638,65500,0.05,10,1/1/2024,3,6150,51
639,103000,0.12,1,9/15/2023,5,8800,130
640,70000,0.06,7,4/1/2022,4,6600,67
641,96000,0.11,4,3/1/2024,4,8600,108
642,62000,0.05,11,10/1/2022,3,5950,44
643,89000,0.09,5,4/10/2023,4,8200,98
644,68000,0.06,8,1/1/2024,3,6350,59
645,118000,0.15,0,8/1/2023,5,10000,190
646,75000,0.07,9,3/20/2022,4,7050,78
647,128000,0.17,1,2/10/2024,5,10800,230
648,60000,0.04,13,9/1/2022,3,5750,39
649,86000,0.09,6,3/1/2023,4,7900,93
650,69000,0.06,10,1/1/2024,3,6450,60
651,107000,0.13,2,7/1/2023,5,9100,145
652,72000,0.06,8,5/15/2022,4,6800,71
653,63000,0.04,12,11/1/2023,3,5900,46
654,70000,0.06,7,4/1/2024,4,6500,66
655,91000,0.1,3,2/14/2023,4,8400,102
656,64000,0.05,11,8/20/2022,3,6000,49
657,100000,0.12,0,1/1/2024,5,8900,125
658,70000,0.06,9,6/1/2023,4,6600,69
659,120000,0.15,1,3/1/2024,5,10200,200
660,61000,0.04,14,9/15/2022,3,5800,41
661,88000,0.09,5,3/1/2023,4,8100,96
662,67000,0.06,10,1/1/2024,3,6300,57
663,115000,0.14,1,7/1/2023,5,9700,170
664,73000,0.06,9,4/15/2022,4,6900,64
665,125000,0.16,0,2/1/2024,5,10600,210
666,58000,0.04,13,9/1/2022,3,5600,37
667,85000,0.09,6,4/1/2023,4,7800,94
668,66000,0.05,11,1/1/2024,3,6200,53
669,103000,0.12,2,8/1/2023,5,8800,135
670,69000,0.06,8,3/20/2022,4,6500,63
671,97000,0.11,4,3/10/2024,4,8700,109
672,60000,0.04,12,10/1/2022,3,5700,43
673,90000,0.1,10,1/15/2023,4,8000,100
674,65000,0.05,5,8/1/2022,3,6000,50
675,120000,0.15,0,3/20/2024,5,10000,200
676,75000,0.07,8,11/10/2023,4,6500,75
677,110000,0.12,2,1/1/2024,4,9500,150
678,55000,0.03,15,6/1/2022,3,5500,30
679,70000,0.06,12,5/20/2023,4,7000,60
680,80000,0.08,7,2/14/2024,4,7500,80
681,100000,0.1,3,9/1/2023,5,8500,120
682,68000,0.05,9,3/1/2022,3,6200,45
683,60000,0.04,11,7/1/2023,3,5800,40
684,72000,0.07,6,4/5/2024,4,6800,70
685,88000,0.09,4,2/28/2023,4,8200,90
686,62000,0.05,10,10/15/2022,3,5900,55
687,130000,0.18,0,1/1/2024,5,11000,250
688,78000,0.07,6,6/1/2023,4,7100,85
689,95000,0.11,3,3/1/2024,4,8700,110
690,58000,0.04,13,9/10/2022,3,5600,35
691,85000,0.09,5,4/1/2023,4,7800,95
692,67000,0.06,8,1/20/2024,3,6300,58
693,115000,0.14,1,7/1/2023,5,9800,180
694,73000,0.06,9,4/15/2022,3,6900,65
695,61000,0.04,14,8/1/2023,3,5700,42
696,69000,0.06,7,2/1/2024,4,6400,62
697,92000,0.1,2,3/1/2023,4,8300,105
698,63000,0.05,11,11/20/2022,3,6050,48
699,105000,0.12,0,4/10/2024,5,9000,140
700,70000,0.06,10,1/1/2023,4,6600,70
701,125000,0.16,1,1/1/2024,5,10500,220
702,66000,0.05,9,7/1/2022,3,6100,52
703,87000,0.09,6,6/15/2023,4,8100,92
704,71000,0.06,8,3/1/2024,4,6700,68
705,98000,0.11,3,10/1/2023,5,8900,115
706,64000,0.05,12,5/1/2022,3,6000,47
707,112000,0.13,2,2/20/2024,4,9600,160
708,59000,0.04,14,8/1/2022,3,5650,38
709,74000,0.07,9,5/1/2023,4,7000,72
710,65500,0.05,10,1/1/2024,3,6150,51
711,103000,0.12,1,9/15/2023,5,8800,130
712,70000,0.06,7,4/1/2022,4,6600,67
713,96000,0.11,4,3/1/2024,4,8600,108
714,62000,0.05,11,10/1/2022,3,5950,44
715,89000,0.09,5,4/10/2023,4,8200,98
716,68000,0.06,8,1/1/2024,3,6350,59
717,118000,0.15,0,8/1/2023,5,10000,190
718,75000,0.07,9,3/20/2022,4,7050,78
719,128000,0.17,1,2/10/2024,5,10800,230
720,60000,0.04,13,9/1/2022,3,5750,39
721,86000,0.09,6,3/1/2023,4,7900,93
722,69000,0.06,10,1/1/2024,3,6450,60
723,107000,0.13,2,7/1/2023,5,9100,145
724,72000,0.06,8,5/15/2022,4,6800,71
725,63000,0.04,12,11/1/2023,3,5900,46
726,70000,0.06,7,4/1/2024,4,6500,66
727,91000,0.1,3,2/14/2023,4,8400,102
728,64000,0.05,11,8/20/2022,3,6000,49
729,100000,0.12,0,1/1/2024,5,8900,125
730,70000,0.06,9,6/1/2023,4,6600,69
731,120000,0.15,1,3/1/2024,5,10200,200
732,61000,0.04,14,9/15/2022,3,5800,41
733,88000,0.09,5,3/1/2023,4,8100,96
734,67000,0.06,10,1/1/2024,3,6300,57
735,115000,0.14,1,7/1/2023,5,9700,170
736,73000,0.06,9,4/15/2022,4,6900,64
737,125000,0.16,0,2/1/2024,5,10600,210
738,58000,0.04,13,9/1/2022,3,5600,37
739,85000,0.09,6,4/1/2023,4,7800,94
740,66000,0.05,11,1/1/2024,3,6200,53
741,103000,0.12,2,8/1/2023,5,8800,135
742,69000,0.06,8,3/20/2022,4,6500,63
743,97000,0.11,4,3/10/2024,4,8700,109
744,60000,0.04,12,10/1/2022,3,5700,43
745,90000,0.1,10,1/15/2023,4,8000,100
746,65000,0.05,5,8/1/2022,3,6000,50
747,120000,0.15,0,3/20/2024,5,10000,200
748,75000,0.07,8,11/10/2023,4,6500,75
749,110000,0.12,2,1/1/2024,4,9500,150
750,55000,0.03,15,6/1/2022,3,5500,30
751,70000,0.06,12,5/20/2023,4,7000,60
752,80000,0.08,7,2/14/2024,4,7500,80
753,100000,0.1,3,9/1/2023,5,8500,120
754,68000,0.05,9,3/1/2022,3,6200,45
755,60000,0.04,11,7/1/2023,3,5800,40
756,72000,0.07,6,4/5/2024,4,6800,70
757,88000,0.09,4,2/28/2023,4,8200,90
758,62000,0.05,10,10/15/2022,3,5900,55
759,130000,0.18,0,1/1/2024,5,11000,250
760,78000,0.07,6,6/1/2023,4,7100,85
761,95000,0.11,3,3/1/2024,4,8700,110
762,58000,0.04,13,9/10/2022,3,5600,35
763,85000,0.09,5,4/1/2023,4,7800,95
764,67000,0.06,8,1/20/2024,3,6300,58
765,115000,0.14,1,7/1/2023,5,9800,180
766,73000,0.06,9,4/15/2022,3,6900,65
767,61000,0.04,14,8/1/2023,3,5700,42
768,69000,0.06,7,2/1/2024,4,6400,62
769,92000,0.1,2,3/1/2023,4,8300,105
770,63000,0.05,11,11/20/2022,3,6050,48
771,105000,0.12,0,4/10/2024,5,9000,140
772,70000,0.06,10,1/1/2023,4,6600,70
773,125000,0.16,1,1/1/2024,5,10500,220
774,66000,0.05,9,7/1/2022,3,6100,52
775,87000,0.09,6,6/15/2023,4,8100,92
776,71000,0.06,8,3/1/2024,4,6700,68
777,98000,0.11,3,10/1/2023,5,8900,115
778,64000,0.05,12,5/1/2022,3,6000,47
779,112000,0.13,2,2/20/2024,4,9600,160
780,59000,0.04,14,8/1/2022,3,5650,38
781,74000,0.07,9,5/1/2023,4,7000,72
782,65500,0.05,10,1/1/2024,3,6150,51
783,103000,0.12,1,9/15/2023,5,8800,130
784,70000,0.06,7,4/1/2022,4,6600,67
785,96000,0.11,4,3/1/2024,4,8600,108
786,62000,0.05,11,10/1/2022,3,5950,44
787,89000,0.09,5,4/10/2023,4,8200,98
788,68000,0.06,8,1/1/2024,3,6350,59
789,118000,0.15,0,8/1/2023,5,10000,190
790,75000,0.07,9,3/20/2022,4,7050,78
791,128000,0.17,1,2/10/2024,5,10800,230
792,60000,0.04,13,9/1/2022,3,5750,39
793,86000,0.09,6,3/1/2023,4,7900,93
794,69000,0.06,10,1/1/2024,3,6450,60
795,107000,0.13,2,7/1/2023,5,9100,145
796,72000,0.06,8,5/15/2022,4,6800,71
797,63000,0.04,12,11/1/2023,3,5900,46
798,70000,0.06,7,4/1/2024,4,6500,66
799,91000,0.1,3,2/14/2023,4,8400,102
800,64000,0.05,11,8/20/2022,3,6000,49
801,100000,0.12,0,1/1/2024,5,8900,125
802,70000,0.06,9,6/1/2023,4,6600,69
803,120000,0.15,1,3/1/2024,5,10200,200
804,61000,0.04,14,9/15/2022,3,5800,41
805,88000,0.09,5,3/1/2023,4,8100,96
806,67000,0.06,10,1/1/2024,3,6300,57
807,115000,0.14,1,7/1/2023,5,9700,170
808,73000,0.06,9,4/15/2022,4,6900,64
809,125000,0.16,0,2/1/2024,5,10600,210
810,58000,0.04,13,9/1/2022,3,5600,37
811,85000,0.09,6,4/1/2023,4,7800,94
812,66000,0.05,11,1/1/2024,3,6200,53
813,103000,0.12,2,8/1/2023,5,8800,135
814,69000,0.06,8,3/20/2022,4,6500,63
815,97000,0.11,4,3/10/2024,4,8700,109
816,60000,0.04,12,10/1/2022,3,5700,43
817,90000,0.1,10,1/15/2023,4,8000,100
818,65000,0.05,5,8/1/2022,3,6000,50
819,120000,0.15,0,3/20/2024,5,10000,200
820,75000,0.07,8,11/10/2023,4,6500,75
821,110000,0.12,2,1/1/2024,4,9500,150
822,55000,0.03,15,6/1/2022,3,5500,30
823,70000,0.06,12,5/20/2023,4,7000,60
824,80000,0.08,7,2/14/2024,4,7500,80
825,100000,0.1,3,9/1/2023,5,8500,120
826,68000,0.05,9,3/1/2022,3,6200,45
827,60000,0.04,11,7/1/2023,3,5800,40
828,72000,0.07,6,4/5/2024,4,6800,70
829,88000,0.09,4,2/28/2023,4,8200,90
830,62000,0.05,10,10/15/2022,3,5900,55
831,130000,0.18,0,1/1/2024,5,11000,250
832,78000,0.07,6,6/1/2023,4,7100,85
833,95000,0.11,3,3/1/2024,4,8700,110
834,58000,0.04,13,9/10/2022,3,5600,35
835,85000,0.09,5,4/1/2023,4,7800,95
836,67000,0.06,8,1/20/2024,3,6300,58
837,115000,0.14,1,7/1/2023,5,9800,180
838,73000,0.06,9,4/15/2022,3,6900,65
839,61000,0.04,14,8/1/2023,3,5700,42
840,69000,0.06,7,2/1/2024,4,6400,62
841,92000,0.1,2,3/1/2023,4,8300,105
842,63000,0.05,11,11/20/2022,3,6050,48
843,105000,0.12,0,4/10/2024,5,9000,140
844,70000,0.06,10,1/1/2023,4,6600,70
845,125000,0.16,1,1/1/2024,5,10500,220
846,66000,0.05,9,7/1/2022,3,6100,52
847,87000,0.09,6,6/15/2023,4,8100,92
848,71000,0.06,8,3/1/2024,4,6700,68
849,98000,0.11,3,10/1/2023,5,8900,115
850,64000,0.05,12,5/1/2022,3,6000,47
851,112000,0.13,2,2/20/2024,4,9600,160
852,59000,0.04,14,8/1/2022,3,5650,38
853,74000,0.07,9,5/1/2023,4,7000,72
854,65500,0.05,10,1/1/2024,3,6150,51
855,103000,0.12,1,9/15/2023,5,8800,130
856,70000,0.06,7,4/1/2022,4,6600,67
857,96000,0.11,4,3/1/2024,4,8600,108
858,62000,0.05,11,10/1/2022,3,5950,44
859,89000,0.09,5,4/10/2023,4,8200,98
860,68000,0.06,8,1/1/2024,3,6350,59
861,118000,0.15,0,8/1/2023,5,10000,190
862,75000,0.07,9,3/20/2022,4,7050,78
863,128000,0.17,1,2/10/2024,5,10800,230
864,60000,0.04,13,9/1/2022,3,5750,39
865,86000,0.09,6,3/1/2023,4,7900,93
866,69000,0.06,10,1/1/2024,3,6450,60
867,107000,0.13,2,7/1/2023,5,9100,145
868,72000,0.06,8,5/15/2022,4,6800,71
869,63000,0.04,12,11/1/2023,3,5900,46
870,70000,0.06,7,4/1/2024,4,6500,66
871,91000,0.1,3,2/14/2023,4,8400,102
872,64000,0.05,11,8/20/2022,3,6000,49
873,100000,0.12,0,1/1/2024,5,8900,125
874,70000,0.06,9,6/1/2023,4,6600,69
875,120000,0.15,1,3/1/2024,5,10200,200
876,61000,0.04,14,9/15/2022,3,5800,41
877,88000,0.09,5,3/1/2023,4,8100,96
878,67000,0.06,10,1/1/2024,3,6300,57
879,115000,0.14,1,7/1/2023,5,9700,170
880,73000,0.06,9,4/15/2022,4,6900,64
881,125000,0.16,0,2/1/2024,5,10600,210
882,58000,0.04,13,9/1/2022,3,5600,37
883,85000,0.09,6,4/1/2023,4,7800,94
884,66000,0.05,11,1/1/2024,3,6200,53
885,103000,0.12,2,8/1/2023,5,8800,135
886,69000,0.06,8,3/20/2022,4,6500,63
887,97000,0.11,4,3/10/2024,4,8700,109
888,60000,0.04,12,10/1/2022,3,5700,43
889,90000,0.1,10,1/15/2023,4,8000,100
890,65000,0.05,5,8/1/2022,3,6000,50
891,120000,0.15,0,3/20/2024,5,10000,200
892,75000,0.07,8,11/10/2023,4,6500,75
893,110000,0.12,2,1/1/2024,4,9500,150
894,55000,0.03,15,6/1/2022,3,5500,30
895,70000,0.06,12,5/20/2023,4,7000,60
896,80000,0.08,7,2/14/2024,4,7500,80
897,100000,0.1,3,9/1/2023,5,8500,120
898,68000,0.05,9,3/1/2022,3,6200,45
899,60000,0.04,11,7/1/2023,3,5800,40
900,72000,0.07,6,4/5/2024,4,6800,70
901,90000,0.1,10,1/15/2023,4,8000,100
902,65000,0.05,5,8/1/2022,3,6000,50
903,120000,0.15,0,3/20/2024,5,10000,200
904,75000,0.07,8,11/10/2023,4,6500,75
905,110000,0.12,2,1/1/2024,4,9500,150
906,55000,0.03,15,6/1/2022,3,5500,30
907,70000,0.06,12,5/20/2023,4,7000,60
908,80000,0.08,7,2/14/2024,4,7500,80
909,100000,0.1,3,9/1/2023,5,8500,120
910,68000,0.05,9,3/1/2022,3,6200,45
911,60000,0.04,11,7/1/2023,3,5800,40
912,72000,0.07,6,4/5/2024,4,6800,70
913,88000,0.09,4,2/28/2023,4,8200,90
914,62000,0.05,10,10/15/2022,3,5900,55
915,130000,0.18,0,1/1/2024,5,11000,250
916,78000,0.07,6,6/1/2023,4,7100,85
917,95000,0.11,3,3/1/2024,4,8700,110
918,58000,0.04,13,9/10/2022,3,5600,35
919,85000,0.09,5,4/1/2023,4,7800,95
920,67000,0.06,8,1/20/2024,3,6300,58
921,115000,0.14,1,7/1/2023,5,9800,180
922,73000,0.06,9,4/15/2022,3,6900,65
923,61000,0.04,14,8/1/2023,3,5700,42
924,69000,0.06,7,2/1/2024,4,6400,62
925,92000,0.1,2,3/1/2023,4,8300,105
926,63000,0.05,11,11/20/2022,3,6050,48
927,105000,0.12,0,4/10/2024,5,9000,140
928,70000,0.06,10,1/1/2023,4,6600,70
929,125000,0.16,1,1/1/2024,5,10500,220
930,66000,0.05,9,7/1/2022,3,6100,52
931,87000,0.09,6,6/15/2023,4,8100,92
932,71000,0.06,8,3/1/2024,4,6700,68
933,98000,0.11,3,10/1/2023,5,8900,115
934,64000,0.05,12,5/1/2022,3,6000,47
935,112000,0.13,2,2/20/2024,4,9600,160
936,59000,0.04,14,8/1/2022,3,5650,38
937,74000,0.07,9,5/1/2023,4,7000,72
938,65500,0.05,10,1/1/2024,3,6150,51
939,103000,0.12,1,9/15/2023,5,8800,130
940,70000,0.06,7,4/1/2022,4,6600,67
941,96000,0.11,4,3/1/2024,4,8600,108
942,62000,0.05,11,10/1/2022,3,5950,44
943,89000,0.09,5,4/10/2023,4,8200,98
944,68000,0.06,8,1/1/2024,3,6350,59
945,118000,0.15,0,8/1/2023,5,10000,190
946,75000,0.07,9,3/20/2022,4,7050,78
947,128000,0.17,1,2/10/2024,5,10800,230
948,60000,0.04,13,9/1/2022,3,5750,39
949,86000,0.09,6,3/1/2023,4,7900,93
950,69000,0.06,10,1/1/2024,3,6450,60
951,107000,0.13,2,7/1/2023,5,9100,145
952,72000,0.06,8,5/15/2022,4,6800,71
953,63000,0.04,12,11/1/2023,3,5900,46
954,70000,0.06,7,4/1/2024,4,6500,66
955,91000,0.1,3,2/14/2023,4,8400,102
956,64000,0.05,11,8/20/2022,3,6000,49
957,100000,0.12,0,1/1/2024,5,8900,125
958,70000,0.06,9,6/1/2023,4,6600,69
959,120000,0.15,1,3/1/2024,5,10200,200
960,61000,0.04,14,9/15/2022,3,5800,41
961,88000,0.09,5,3/1/2023,4,8100,96
962,67000,0.06,10,1/1/2024,3,6300,57
963,115000,0.14,1,7/1/2023,5,9700,170
964,73000,0.06,9,4/15/2022,4,6900,64
965,125000,0.16,0,2/1/2024,5,10600,210
966,58000,0.04,13,9/1/2022,3,5600,37
967,85000,0.09,6,4/1/2023,4,7800,94
968,66000,0.05,11,1/1/2024,3,6200,53
969,103000,0.12,2,8/1/2023,5,8800,135
970,69000,0.06,8,3/20/2022,4,6500,63
971,97000,0.11,4,3/10/2024,4,8700,109
972,60000,0.04,12,10/1/2022,3,5700,43
973,90000,0.1,10,1/15/2023,4,8000,100
974,65000,0.05,5,8/1/2022,3,6000,50
975,120000,0.15,0,3/20/2024,5,10000,200
976,75000,0.07,8,11/10/2023,4,6500,75
977,110000,0.12,2,1/1/2024,4,9500,150
978,55000,0.03,15,6/1/2022,3,5500,30
979,70000,0.06,12,5/20/2023,4,7000,60
980,80000,0.08,7,2/14/2024,4,7500,80
981,100000,0.1,3,9/1/2023,5,8500,120
982,68000,0.05,9,3/1/2022,3,6200,45
983,60000,0.04,11,7/1/2023,3,5800,40
984,72000,0.07,6,4/5/2024,4,6800,70
985,88000,0.09,4,2/28/2023,4,8200,90
986,62000,0.05,10,10/15/2022,3,5900,55
987,130000,0.18,0,1/1/2024,5,11000,250
988,78000,0.07,6,6/1/2023,4,7100,85
989,95000,0.11,3,3/1/2024,4,8700,110
990,58000,0.04,13,9/10/2022,3,5600,35
991,85000,0.09,5,4/1/2023,4,7800,95
992,67000,0.06,8,1/20/2024,3,6300,58
993,115000,0.14,1,7/1/2023,5,9800,180
994,73000,0.06,9,4/15/2022,3,6900,65
995,61000,0.04,14,8/1/2023,3,5700,42
996,69000,0.06,7,2/1/2024,4,6400,62
997,92000,0.1,2,3/1/2023,4,8300,105
998,63000,0.05,11,11/20/2022,3,6050,48
999,105000,0.12,0,4/10/2024,5,9000,140
1000,70000,0.06,10,1/1/2023,4,6600,70
